frame,track_id,vehicle_type,speed_px_per_sec,violation_type
frame_0038.jpg,45,motorcycle,1275.0455418087988,Over-Speeding
frame_0039.jpg,45,motorcycle,1293.0984387728367,Over-Speeding
frame_0040.jpg,45,motorcycle,1433.5430841094044,Over-Speeding
frame_0041.jpg,45,motorcycle,1326.7652466340523,Over-Speeding
frame_0042.jpg,45,motorcycle,1279.1663888215064,Over-Speeding
frame_0044.jpg,45,motorcycle,1336.6299094143758,Over-Speeding
frame_0045.jpg,45,motorcycle,1972.6700774587168,Over-Speeding
frame_0046.jpg,58,motorcycle,1969.695416584544,Over-Speeding
frame_0063.jpg,58,motorcycle,1690.6497089247428,Over-Speeding
frame_0063.jpg,58,motorcycle,2527.935959252713,Over-Speeding
frame_0064.jpg,58,motorcycle,2250.4340133489977,Over-Speeding
frame_0064.jpg,58,motorcycle,2410.640344903363,Over-Speeding
frame_0065.jpg,58,motorcycle,2191.794347538103,Over-Speeding
